1;Doe;John;Bueroarbeiter;5000
2;Jahn;Flori;Schichtarbeiter;6000
3;Smith;Jane;Fahrer;4500
4;Klein;Michael;Manager;8000
5;Lee;Sarah;Mitarbeiter;5500
6;Johnson;David;Bueroarbeiter;5200
7;Gomez;Maria;Schichtarbeiter;6100
8;Chen;Wei;Fahrer;4700
9;Kim;Ji-Soo;Manager;8200
10;Martinez;Carlos;Mitarbeiter;5600
11;Brown;Emily;Bueroarbeiter;5100
12;Nguyen;Hanh;Schichtarbeiter;5900
13;Wang;Xia;Fahrer;4800
14;Garcia;Jose;Manager;7900
15;Taylor;Alex;Mitarbeiter;5700
16;Jones;Megan;Bueroarbeiter;5300
17;Chang;Min-Jae;Schichtarbeiter;6200
18;Hernandez;Luis;Fahrer;4900
19;Chen;Li;Manager;8300
20;Gonzalez;Ana;Mitarbeiter;5800
21;Lopez;Juan;Bueroarbeiter;5400
22;Kawamura;Yuki;Schichtarbeiter;6300
23;Lee;Hye-Jin;Fahrer;5000
24;Wu;Chun;Manager;8600
25;Kumar;Raj;Mitarbeiter;5900
26;Harris;Emma;Bueroarbeiter;5500
27;Park;Min-Joon;Schichtarbeiter;6400
28;Liu;Wei;Fahrer;5100
29;Martinez;Luisa;Manager;8500
30;Gupta;Amit;Mitarbeiter;6000
31;O'Connor;Ryan;Bueroarbeiter;5600
32;Yamamoto;Aiko;Schichtarbeiter;6500
33;Kim;Sung-Ho;Fahrer;5200
34;Garcia;Marta;Manager;8200
35;Chen;Xiao;Mitarbeiter;6100
36;Nguyen;Thi;Bueroarbeiter;5700
37;Fukui;Takashi;Schichtarbeiter;6600
38;Zhang;Yan;Fahrer;5300
39;Chavez;Pedro;Manager;7800
40;Gomez;Diego;Mitarbeiter;6200
41;Smith;Jessica;Bueroarbeiter;5800
42;Hernandez;Andres;Schichtarbeiter;6700
43;Wu;Xin;Fahrer;5400
44;Lee;Ji-Yeon;Manager;8100
45;Johnson;Daniel;Mitarbeiter;6300
46;Kim;Eun-Ji;Bueroarbeiter;5900
47;Chang;Jin-Woo;Schichtarbeiter;6800
48;Garcia;Luis;Fahrer;5500
49;Chen;Yan;Manager;8400
50;Lopez;Elena;Mitarbeiter;6400
51;Gonzalez;Javier;Bueroarbeiter;6000
52;Kawasaki;Yuki;Schichtarbeiter;6900
53;Huang;Li;Fahrer;5600
54;Martinez;Carlos;Manager;8700
55;Tanaka;Yuko;Mitarbeiter;6500
56;O'Neill;Sean;Bueroarbeiter;6100
57;Yoshida;Takashi;Schichtarbeiter;7000
58;Kim;Soo-Min;Fahrer;5700
59;Gomez;Isabella;Manager;7900
60;Patel;Rajesh;Mitarbeiter;6600
61;Smith;William;Bueroarbeiter;6200
62;Chen;Xin;Schichtarbeiter;7100
63;Wang;Wei;Fahrer;5800
64;Garcia;Manuel;Manager;8300
65;Taylor;Olivia;Mitarbeiter;6700
66;Jones;Sophia;Bueroarbeiter;6300
67;Choi;Min-Ho;Schichtarbeiter;7200
68;Hernandez;Luisa;Fahrer;5900
69;Liu;Xia;Manager;8600
70;Kim;Hyun-Joo;Mitarbeiter;6800
71;Gonzalez;Carlos;Bueroarbeiter;6400
72;Chen;Ling;Schichtarbeiter;7300
73;Lee;Min-Jae;Fahrer;6000
74;Garcia;Maria;Manager;8000
75;Nguyen;Thien;Mitarbeiter;6900
76;Johnson;Emily;Bueroarbeiter;6500
77;Watanabe;Taro;Schichtarbeiter;7400
78;Wang;Hui;Fahrer;6100
79;Gomez;Diego;Manager;8800
80;Chen;Kai;Mitarbeiter;7000
81;Hernandez;Rosa;Bueroarbeiter;6600
82;Liu;Hui;Schichtarbeiter;7500
83;Chang;Jae-Hoon;Fahrer;6200
84;Kim;Yoon-Ji;Manager;8900
85;Martinez;Juan;Mitarbeiter;7100
86;Nguyen;Thanh;Bueroarbeiter;6700
87;Garcia;Carlos;Schichtarbeiter;7600
88;Chen;Ying;Fahrer;6300
89;Lopez;Carmen;Manager;8200
90;Choi;Jae-Hwa;Mitarbeiter;7200
91;Gomez;Luis;Bueroarbeiter;6800
92;Yamamoto;Yuki;Schichtarbeiter;7700
93;Hernandez;Pedro;Fahrer;6400
94;Chen;Zhang;Manager;8700
95;Wu;Chen;Mitarbeiter;7300
96;Johnson;Maria;Bueroarbeiter;6900
97;Liu;Wei;Schichtarbeiter;7800
98;Kim;Hyun-Jin;Fahrer;6500
99;Garcia;Diego;Manager;8600
100;Martinez;Sofia;Mitarbeiter;7400
